,sgId,sgTypecode,huboid,sggName,sdName,jdName,name,gender,dugsu,dugyul
0,20200415,2,100137460,남동구을,인천광역시,더불어민주당,윤관석,남,78795,54.57
1,20200415,2,100135262,부평구갑,인천광역시,더불어민주당,이성만,남,77460,56.68
2,20200415,2,100137617,부평구을,인천광역시,더불어민주당,홍영표,남,74264,56.13
3,20200415,2,100136951,계양구갑,인천광역시,더불어민주당,유동수,남,44469,60.48
4,20200415,2,100137600,계양구을,인천광역시,더불어민주당,송영길,남,51821,58.67
5,20200415,2,100134948,서구갑,인천광역시,더불어민주당,김교흥,남,76072,53.23
6,20200415,2,100137341,서구을,인천광역시,더불어민주당,신동근,남,83671,61.64
7,20200415,2,100134590,동구남구갑,광주광역시,더불어민주당,윤영덕,남,71626,77.23
8,20200415,2,100134753,동구남구을,광주광역시,더불어민주당,이병훈,남,61587,72.27
9,20200415,2,100137726,서구갑,광주광역시,더불어민주당,송갑석,남,69285,82.18
10,20200415,2,100135072,서구을,광주광역시,더불어민주당,양향자,여,61279,75.83
11,20200415,2,100134673,북구갑,광주광역시,더불어민주당,조오섭,남,59011,57.79
12,20200415,2,100134797,북구을,광주광역시,더불어민주당,이형석,남,108229,78.82
13,20200415,2,100134638,광산구갑,광주광역시,더불어민주당,이용빈,남,67482,77.77
14,20200415,2,100134703,광산구을,광주광역시,더불어민주당,민형배,남,96808,84.05
15,20200415,2,100134631,동구,대전광역시,더불어민주당,장철민,남,61345,51.01
16,20200415,2,100136669,중구,대전광역시,더불어민주당,황운하,남,66306,50.3
17,20200415,2,100137585,서구갑,대전광역시,더불어민주당,박병석,남,74978,55.58
18,20200415,2,100137456,서구을,대전광역시,더불어민주당,박범계,남,70708,57.5
19,20200415,2,100137602,유성구갑,대전광역시,더불어민주당,조승래,남,55463,56.52
20,20200415,2,100137037,유성구을,대전광역시,더불어민주당,이상민,남,53785,55.85
21,20200415,2,100134775,대덕구,대전광역시,더불어민주당,박영순,남,47652,49.39
22,20200415,2,100136610,중구,울산광역시,미래통합당,박성민,남,69359,54.04
23,20200415,2,100137075,남구갑,울산광역시,미래통합당,이채익,남,55252,53.4
24,20200415,2,100136597,남구을,울산광역시,미래통합당,김기현,남,48933,58.48
25,20200415,2,100134681,동구,울산광역시,미래통합당,권명호,남,33845,38.36
26,20200415,2,100137085,북구,울산광역시,더불어민주당,이상헌,남,54215,46.34
27,20200415,2,100135110,울주군,울산광역시,미래통합당,서범수,남,66317,52.74
28,20200415,2,100137565,세종특별자치시갑,세종특별자치시,더불어민주당,홍성국,남,55947,56.45
29,20200415,2,100134798,세종특별자치시을,세종특별자치시,더불어민주당,강준현,남,46002,57.96
30,20200415,2,100134971,수원시갑,경기도,더불어민주당,김승원,남,76875,59.17
31,20200415,2,100137315,수원시을,경기도,더불어민주당,백혜련,여,84500,60.68
32,20200415,2,100137250,수원시병,경기도,더불어민주당,김영진,남,50369,53.07
33,20200415,2,100137627,수원시정,경기도,더불어민주당,박광온,남,79557,57.42
34,20200415,2,100137609,수원시무,경기도,더불어민주당,김진표,남,82002,55.21
35,20200415,2,100137372,성남시수정구,경기도,더불어민주당,김태년,남,76830,60.31
36,20200415,2,100134597,성남시중원구,경기도,더불어민주당,윤영찬,남,65947,54.62
37,20200415,2,100137484,성남시분당구갑,경기도,미래통합당,김은혜,여,78134,50.07
38,20200415,2,100136741,성남시분당구을,경기도,더불어민주당,김병욱,남,68387,47.94
39,20200415,2,100137459,의정부시갑,경기도,더불어민주당,오영환,남,54806,53.03
40,20200415,2,100135589,의정부시을,경기도,더불어민주당,김민철,남,71573,55.98
41,20200415,2,100134894,안양시만안구,경기도,더불어민주당,강득구,남,75266,53.6
42,20200415,2,100134637,안양시동안구갑,경기도,더불어민주당,민병덕,남,56345,55.33
43,20200415,2,100136265,안양시동안구을,경기도,더불어민주당,이재정,여,49736,54.15
44,20200415,2,100136410,부천시갑,경기도,더불어민주당,김경협,남,48002,59.17
45,20200415,2,100136412,부천시을,경기도,더불어민주당,설훈,남,80889,54.9
46,20200415,2,100136312,부천시병,경기도,더불어민주당,김상희,여,77577,60.55
47,20200415,2,100135345,부천시정,경기도,더불어민주당,서영석,남,49552,56.74
48,20200415,2,100137404,광명시갑,경기도,더불어민주당,임오경,여,43019,47.66
49,20200415,2,100134816,광명시을,경기도,더불어민주당,양기대,남,58130,64.09
50,20200415,2,100134584,평택시갑,경기도,더불어민주당,홍기원,남,62564,50.22
51,20200415,2,100137204,평택시을,경기도,미래통합당,유의동,남,59491,47.67
52,20200415,2,100137142,동두천시연천군,경기도,미래통합당,김성원,남,38777,53.61
53,20200415,2,100136987,안산시상록구갑,경기도,더불어민주당,전해철,남,59021,58.55
54,20200415,2,100137430,안산시상록구을,경기도,더불어민주당,김철민,남,43599,57.77
55,20200415,2,100135146,안산시단원구갑,경기도,더불어민주당,고영인,남,42009,55.74
56,20200415,2,100137493,안산시단원구을,경기도,더불어민주당,김남국,남,42150,51.32
57,20200415,2,100137089,고양시갑,경기도,정의당,심상정,여,56516,39.38
58,20200415,2,100137385,고양시을,경기도,더불어민주당,한준호,남,80739,52.47
59,20200415,2,100137188,고양시병,경기도,더불어민주당,홍정민,여,80068,54.26
60,20200415,2,100137309,고양시정,경기도,더불어민주당,이용우,남,85943,53.42
61,20200415,2,100137284,의왕시과천시,경기도,더불어민주당,이소영,여,58938,43.38
62,20200415,2,100136733,구리시,경기도,더불어민주당,윤호중,남,64668,58.64
63,20200415,2,100137049,남양주시갑,경기도,더불어민주당,조응천,남,59779,57.95
64,20200415,2,100137031,남양주시을,경기도,더불어민주당,김한정,남,68660,59.08
65,20200415,2,100137071,남양주시병,경기도,더불어민주당,김용민,남,71776,50.08
66,20200415,2,100137506,오산시,경기도,더불어민주당,안민석,남,61926,56.71
67,20200415,2,100135209,시흥시갑,경기도,더불어민주당,문정복,여,68653,51.71
68,20200415,2,100137422,시흥시을,경기도,더불어민주당,조정식,남,69270,67.02
69,20200415,2,100137486,군포시,경기도,더불어민주당,이학영,남,91256,57.41
70,20200415,2,100134652,하남시,경기도,더불어민주당,최종윤,남,76572,50.77
71,20200415,2,100134574,용인시갑,경기도,미래통합당,정찬민,남,69826,53.14
72,20200415,2,100137311,용인시을,경기도,더불어민주당,김민기,남,89697,60.08
73,20200415,2,100136326,용인시병,경기도,더불어민주당,정춘숙,여,84492,51.56
74,20200415,2,100137192,용인시정,경기도,더불어민주당,이탄희,남,79794,53.46
75,20200415,2,100136645,파주시갑,경기도,더불어민주당,윤후덕,남,85058,60.93
76,20200415,2,100136668,파주시을,경기도,더불어민주당,박정,남,48569,54.33
77,20200415,2,100136096,이천시,경기도,미래통합당,송석준,남,56544,51.99
78,20200415,2,100134842,안성시,경기도,더불어민주당,이규민,남,49721,51.44
79,20200415,2,100137185,김포시갑,경기도,더불어민주당,김주영,남,58613,52.88
80,20200415,2,100134929,김포시을,경기도,더불어민주당,박상혁,남,63193,53.83
81,20200415,2,100136459,화성시갑,경기도,더불어민주당,송옥주,여,58689,49.65
82,20200415,2,100137545,화성시을,경기도,더불어민주당,이원욱,남,98612,64.53
83,20200415,2,100137257,화성시병,경기도,더불어민주당,권칠승,남,88793,64.45
84,20200415,2,100136073,광주시갑,경기도,더불어민주당,소병훈,남,53221,56.15
85,20200415,2,100137425,광주시을,경기도,더불어민주당,임종성,남,52468,56.88
86,20200415,2,100137490,양주시,경기도,더불어민주당,정성호,남,69905,62.64
87,20200415,2,100135625,포천시가평군,경기도,미래통합당,최춘식,남,54771,50.25
88,20200415,2,100134841,여주시양평군,경기도,미래통합당,김선교,남,70575,54.97
89,20200415,2,100134571,춘천시철원군화천군양구군갑,강원도,더불어민주당,허영,남,66932,51.32
90,20200415,2,100134586,춘천시철원군화천군양구군을,강원도,미래통합당,한기호,남,43083,52.07
91,20200415,2,100137402,원주시갑,강원도,더불어민주당,이광재,남,45224,48.56
92,20200415,2,100137752,원주시을,강원도,더불어민주당,송기헌,남,48772,53.88
93,20200415,2,100137091,강릉시,강원도,무소속,권성동,남,49618,40.84
94,20200415,2,100137528,동해시태백시삼척시정선군,강원도,미래통합당,이철규,남,71604,53.6
95,20200415,2,100137092,속초시인제군고성군양양군,강원도,미래통합당,이양수,남,50188,52.56
96,20200415,2,100136875,홍천군횡성군영월군평창군,강원도,미래통합당,유상범,남,55975,48.59
97,20200415,2,100134650,청주시상당구,충청북도,더불어민주당,정정순,남,45707,47.09
98,20200415,2,100136234,청주시서원구,충청북도,더불어민주당,이장섭,남,54118,49.86
99,20200415,2,100137418,청주시흥덕구,충청북도,더불어민주당,도종환,남,74900,55.8
100,20200415,2,100137147,청주시청원구,충청북도,더불어민주당,변재일,남,51028,52.99
101,20200415,2,100137276,충주시,충청북도,미래통합당,이종배,남,59667,52.25
102,20200415,2,100134581,제천시단양군,충청북도,미래통합당,엄태영,남,51174,54.1
103,20200415,2,100136727,보은군옥천군영동군괴산군,충청북도,미래통합당,박덕흠,남,58490,56.88
104,20200415,2,100137232,증평군진천군음성군,충청북도,더불어민주당,임호선,남,54126,50.68
105,20200415,2,100136766,천안시갑,충청남도,더불어민주당,문진석,남,45999,49.34
106,20200415,2,100136702,천안시을,충청남도,더불어민주당,박완주,남,78223,58.83
107,20200415,2,100137353,천안시병,충청남도,더불어민주당,이정문,남,43118,48.01
108,20200415,2,100137134,공주시부여군청양군,충청남도,미래통합당,정진석,남,57487,48.65
109,20200415,2,100137310,보령시서천군,충청남도,미래통합당,김태흠,남,46405,50.86
110,20200415,2,100137308,아산시갑,충청남도,미래통합당,이명수,남,38167,49.82
111,20200415,2,100137604,아산시을,충청남도,더불어민주당,강훈식,남,45338,59.71
112,20200415,2,100137547,서산시태안군,충청남도,미래통합당,성일종,남,66917,52.69
113,20200415,2,100137086,논산시계룡시금산군,충청남도,더불어민주당,김종민,남,58319,51.01
114,20200415,2,100136656,당진시,충청남도,더불어민주당,어기구,남,38535,47.66
115,20200415,2,100137597,홍성군예산군,충청남도,미래통합당,홍문표,남,51997,53.95
116,20200415,2,100134742,전주시갑,전라북도,더불어민주당,김윤덕,남,67849,73.57
117,20200415,2,100135891,전주시을,전라북도,더불어민주당,이상직,남,67568,62.54
118,20200415,2,100135939,전주시병,전라북도,더불어민주당,김성주,남,104039,66.65
119,20200415,2,100134930,군산시,전라북도,더불어민주당,신영대,남,88857,59.24
120,20200415,2,100134609,익산시갑,전라북도,더불어민주당,김수흥,남,59043,79.63
121,20200415,2,100135024,익산시을,전라북도,더불어민주당,한병도,남,56982,72.59
122,20200415,2,100134615,정읍시고창군,전라북도,더불어민주당,윤준병,남,65082,69.78
123,20200415,2,100136974,남원시임실군순창군,전라북도,무소속,이용호,남,43118,49.49
124,20200415,2,100134606,김제시부안군,전라북도,더불어민주당,이원택,남,51981,66.68
125,20200415,2,100136427,완주군진안군무주군장수군,전라북도,더불어민주당,안호영,남,56998,56.89
126,20200415,2,100134665,목포시,전라남도,더불어민주당,김원이,남,62065,48.76
127,20200415,2,100135153,여수시갑,전라남도,더불어민주당,주철현,남,48410,64.44
128,20200415,2,100134970,여수시을,전라남도,더불어민주당,김회재,남,55273,71.58
129,20200415,2,100137543,순천시광양시곡성군구례군갑,전라남도,더불어민주당,소병철,남,78480,58.56
130,20200415,2,100135274,순천시광양시곡성군구례군을,전라남도,더불어민주당,서동용,남,92442,64.75
131,20200415,2,100135257,나주시화순군,전라남도,더불어민주당,신정훈,남,75586,78.8
132,20200415,2,100137616,담양군함평군영광군장성군,전라남도,더불어민주당,이개호,남,86315,81.95
133,20200415,2,100135022,고흥군보성군장흥군강진군,전라남도,더불어민주당,김승남,남,72772,62.81
134,20200415,2,100134641,해남군완도군진도군,전라남도,더불어민주당,윤재갑,남,59613,67.5
135,20200415,2,100137097,영암군무안군신안군,전라남도,더불어민주당,서삼석,남,74661,76.96
136,20200415,2,100137384,포항시북구,경상북도,미래통합당,김정재,여,98905,64.78
137,20200415,2,100136815,포항시남구울릉군,경상북도,미래통합당,김병욱,남,74794,55.83
138,20200415,2,100136786,경주시,경상북도,미래통합당,김석기,남,77102,52.67
139,20200415,2,100137462,김천시,경상북도,미래통합당,송언석,남,59993,74.52
140,20200415,2,100137455,안동시예천군,경상북도,미래통합당,김형동,남,58183,47.1
141,20200415,2,100135369,구미시갑,경상북도,미래통합당,구자근,남,73339,65.57
142,20200415,2,100137509,구미시을,경상북도,미래통합당,김영식,남,54457,56.43
143,20200415,2,100135067,영주시영양군봉화군울진군,경상북도,미래통합당,박형수,남,68026,55.83
144,20200415,2,100136566,영천시청도군,경상북도,미래통합당,이만희,남,57580,64.63
145,20200415,2,100137523,상주시문경시,경상북도,미래통합당,임이자,여,65558,64.8
146,20200415,2,100135773,경산시,경상북도,미래통합당,윤두현,남,88684,63.75
147,20200415,2,100137737,군위군의성군청송군영덕군,경상북도,미래통합당,김희국,남,71532,79.3
148,20200415,2,100134654,고령군성주군칠곡군,경상북도,미래통합당,정희용,남,65236,62.71
149,20200415,2,100137054,창원시의창구,경상남도,미래통합당,박완수,남,88718,59.04
150,20200415,2,100134709,창원시성산구,경상남도,미래통합당,강기윤,남,61782,47.3
151,20200415,2,100134856,창원시마산합포구,경상남도,미래통합당,최형두,남,64706,62.96
152,20200415,2,100135282,창원시마산회원구,경상남도,미래통합당,윤한홍,남,64581,56.42
153,20200415,2,100134965,창원시진해구,경상남도,미래통합당,이달곤,남,52000,50.22
154,20200415,2,100137237,진주시갑,경상남도,미래통합당,박대출,남,60112,54.75
155,20200415,2,100136233,진주시을,경상남도,미래통합당,강민국,남,50217,59.02
156,20200415,2,100137465,통영시고성군,경상남도,미래통합당,정점식,남,60314,58.34
157,20200415,2,100134659,사천시남해군하동군,경상남도,미래통합당,하영제,남,71620,59.59
158,20200415,2,100137280,김해시갑,경상남도,더불어민주당,민홍철,남,70094,51.06
159,20200415,2,100137468,김해시을,경상남도,더불어민주당,김정호,남,71634,49.67
160,20200415,2,100135882,밀양시의령군함안군창녕군,경상남도,미래통합당,조해진,남,102210,68
161,20200415,2,100134987,거제시,경상남도,미래통합당,서일준,남,65746,50.89
162,20200415,2,100136516,양산시갑,경상남도,미래통합당,윤영석,남,57301,56.99
163,20200415,2,100136985,양산시을,경상남도,더불어민주당,김두관,남,44218,48.94
164,20200415,2,100134569,산청군함양군거창군합천군,경상남도,무소속,김태호,남,49123,42.59
165,20200415,2,100137235,제주시갑,제주특별자치도,더불어민주당,송재호,남,61626,48.7
166,20200415,2,100136972,제주시을,제주특별자치도,더불어민주당,오영훈,남,67206,55.35
167,20200415,2,100136997,서귀포시,제주특별자치도,더불어민주당,위성곤,남,53345,55.48
168,20200415,2,100136749,종로구,서울특별시,더불어민주당,이낙연,남,54902,58.38
169,20200415,2,100137167,중구성동구갑,서울특별시,더불어민주당,홍익표,남,70387,54.25
170,20200415,2,100137489,중구성동구을,서울특별시,더불어민주당,박성준,남,64071,51.96
171,20200415,2,100134818,용산구,서울특별시,미래통합당,권영세,남,63891,47.8
172,20200415,2,100137525,광진구갑,서울특별시,더불어민주당,전혜숙,여,56608,53.68
173,20200415,2,100137348,광진구을,서울특별시,더불어민주당,고민정,여,54210,50.37
174,20200415,2,100137155,동대문구갑,서울특별시,더불어민주당,안규백,남,51551,52.72
175,20200415,2,100136804,동대문구을,서울특별시,더불어민주당,장경태,남,55230,54.54
176,20200415,2,100135715,중랑구갑,서울특별시,더불어민주당,서영교,여,55185,57.76
177,20200415,2,100137170,중랑구을,서울특별시,더불어민주당,박홍근,남,74131,59.28
178,20200415,2,100135069,성북구갑,서울특별시,더불어민주당,김영배,남,82954,60.9
179,20200415,2,100136215,성북구을,서울특별시,더불어민주당,기동민,남,70740,59.36
180,20200415,2,100135984,강북구갑,서울특별시,더불어민주당,천준호,남,49490,57.75
181,20200415,2,100136273,강북구을,서울특별시,더불어민주당,박용진,남,57013,64.45
182,20200415,2,100137172,도봉구갑,서울특별시,더불어민주당,인재근,여,50653,54.02
183,20200415,2,100135075,도봉구을,서울특별시,더불어민주당,오기형,남,51756,53.01
184,20200415,2,100136437,노원구갑,서울특별시,더불어민주당,고용진,남,53911,56.78
185,20200415,2,100136941,노원구을,서울특별시,더불어민주당,우원식,남,71708,62.67
186,20200415,2,100137043,노원구병,서울특별시,더불어민주당,김성환,남,55556,53.15
187,20200415,2,100137581,은평구갑,서울특별시,더불어민주당,박주민,남,86351,64.29
188,20200415,2,100136909,은평구을,서울특별시,더불어민주당,강병원,남,78897,57.41
189,20200415,2,100137164,서대문구갑,서울특별시,더불어민주당,우상호,남,47980,53.24
190,20200415,2,100136738,서대문구을,서울특별시,더불어민주당,김영호,남,58328,61.33
191,20200415,2,100137015,마포구갑,서울특별시,더불어민주당,노웅래,남,53160,56
192,20200415,2,100134834,마포구을,서울특별시,더불어민주당,정청래,남,69336,53.75
193,20200415,2,100136878,양천구갑,서울특별시,더불어민주당,황희,남,78196,51.85
194,20200415,2,100134903,양천구을,서울특별시,더불어민주당,이용선,남,66759,57.54
195,20200415,2,100137226,강서구갑,서울특별시,더불어민주당,강선우,여,63397,55.89
196,20200415,2,100134996,강서구을,서울특별시,더불어민주당,진성준,남,66684,56.15
197,20200415,2,100137251,강서구병,서울특별시,더불어민주당,한정애,여,64515,59.92
198,20200415,2,100137445,구로구갑,서울특별시,더불어민주당,이인영,남,75865,53.92
199,20200415,2,100136636,구로구을,서울특별시,더불어민주당,윤건영,남,56065,57.04
200,20200415,2,100137556,금천구,서울특별시,더불어민주당,최기상,남,64735,49.63
201,20200415,2,100137236,영등포구갑,서울특별시,더불어민주당,김영주,여,72445,56.26
202,20200415,2,100135281,영등포구을,서울특별시,더불어민주당,김민석,남,47075,50.26
203,20200415,2,100136968,동작구갑,서울특별시,더불어민주당,김병기,남,70290,55.29
204,20200415,2,100137485,동작구을,서울특별시,더불어민주당,이수진,여,61407,52.16
205,20200415,2,100135027,관악구갑,서울특별시,더불어민주당,유기홍,남,83479,55.92
206,20200415,2,100134875,관악구을,서울특별시,더불어민주당,정태호,남,72531,53.9
207,20200415,2,100137518,서초구갑,서울특별시,미래통합당,윤희숙,여,72896,62.6
208,20200415,2,100136886,서초구을,서울특별시,미래통합당,박성중,남,74445,53.66
209,20200415,2,100137336,강남구갑,서울특별시,미래통합당,태구민,남,60324,58.4
210,20200415,2,100137703,강남구을,서울특별시,미래통합당,박진,남,51762,50.94
211,20200415,2,100137718,강남구병,서울특별시,미래통합당,유경준,남,70917,65.38
212,20200415,2,100137272,송파구갑,서울특별시,미래통합당,김웅,남,58318,51.2
213,20200415,2,100134639,송파구을,서울특별시,미래통합당,배현진,여,72072,50.46
214,20200415,2,100136643,송파구병,서울특별시,더불어민주당,남인순,여,78789,52.49
215,20200415,2,100136736,강동구갑,서울특별시,더불어민주당,진선미,여,80361,51.5
216,20200415,2,100135074,강동구을,서울특별시,더불어민주당,이해식,남,59175,54.54
217,20200415,2,100137440,중구영도구,부산광역시,미래통합당,황보승희,여,47436,51.86
218,20200415,2,100134585,서구동구,부산광역시,미래통합당,안병길,남,63855,56.04
219,20200415,2,100137546,부산진구갑,부산광역시,미래통합당,서병수,남,52037,48.51
220,20200415,2,100136537,부산진구을,부산광역시,미래통합당,이헌승,남,55754,55.03
221,20200415,2,100137435,동래구,부산광역시,미래통합당,김희곤,남,81722,51.85
222,20200415,2,100134853,남구갑,부산광역시,미래통합당,박수영,남,43805,53.57
223,20200415,2,100135331,남구을,부산광역시,더불어민주당,박재호,남,41005,50.5
224,20200415,2,100134887,북구강서구갑,부산광역시,더불어민주당,전재수,남,48733,50.58
225,20200415,2,100137828,북구강서구을,부산광역시,미래통합당,김도읍,남,76054,52.03
226,20200415,2,100137132,해운대구갑,부산광역시,미래통합당,하태경,남,78971,59.47
227,20200415,2,100134694,해운대구을,부산광역시,미래통합당,김미애,여,53900,52.87
228,20200415,2,100135316,사하구갑,부산광역시,더불어민주당,최인호,남,39875,50
229,20200415,2,100137065,사하구을,부산광역시,미래통합당,조경태,남,59042,58.79
230,20200415,2,100135873,금정구,부산광역시,미래통합당,백종헌,남,77048,54.19
231,20200415,2,100134629,연제구,부산광역시,미래통합당,이주환,남,64640,50.95
232,20200415,2,100137475,수영구,부산광역시,미래통합당,전봉민,남,57959,55.93
233,20200415,2,100137461,사상구,부산광역시,미래통합당,장제원,남,66353,52.03
234,20200415,2,100135686,기장군,부산광역시,미래통합당,정동만,남,42634,49.63
235,20200415,2,100137777,중구남구,대구광역시,미래통합당,곽상도,남,86470,67.49
236,20200415,2,100135951,동구갑,대구광역시,미래통합당,류성걸,남,56444,69.59
237,20200415,2,100137103,동구을,대구광역시,미래통합당,강대식,남,66461,60.33
238,20200415,2,100136735,서구,대구광역시,미래통합당,김상훈,남,66574,67.43
239,20200415,2,100136490,북구갑,대구광역시,미래통합당,양금희,여,52916,49.82
240,20200415,2,100134733,북구을,대구광역시,미래통합당,김승수,남,84378,61.68
241,20200415,2,100137499,수성구갑,대구광역시,미래통합당,주호영,남,92018,59.81
242,20200415,2,100137583,수성구을,대구광역시,무소속,홍준표,남,40015,38.51
243,20200415,2,100136327,달서구갑,대구광역시,미래통합당,홍석준,남,54700,57.61
244,20200415,2,100137151,달서구을,대구광역시,미래통합당,윤재옥,남,90762,65.36
245,20200415,2,100134785,달서구병,대구광역시,미래통합당,김용판,남,46988,55.79
246,20200415,2,100137176,달성군,대구광역시,미래통합당,추경호,남,88846,67.33
247,20200415,2,100134804,중구강화군옹진군,인천광역시,미래통합당,배준영,남,62484,50.28
248,20200415,2,100136114,동구미추홀구갑,인천광역시,더불어민주당,허종식,남,63480,48.77
249,20200415,2,100135981,동구미추홀구을,인천광역시,무소속,윤상현,남,46493,40.59
250,20200415,2,100137009,연수구갑,인천광역시,더불어민주당,박찬대,남,45479,56.87
251,20200415,2,100134866,연수구을,인천광역시,더불어민주당,정일영,남,52806,41.78
252,20200415,2,100136967,남동구갑,인천광역시,더불어민주당,맹성규,남,72773,54.38
253,20200415,4,100135404,중구,부산광역시,미래통합당,최진봉,남,11698,48.14
254,20200415,4,100135419,안성시,경기도,더불어민주당,김보라,여,44930,46.31
255,20200415,4,100136687,고성군,강원도,더불어민주당,함명준,남,8529,48.66
256,20200415,4,100136750,횡성군,강원도,더불어민주당,장신상,남,14882,52.28
257,20200415,4,100135408,천안시,충청남도,미래통합당,박상돈,남,146429,46.38
258,20200415,4,100136692,진안군,전라북도,더불어민주당,전춘성,남,8954,51.3
259,20200415,4,100136688,함평군,전라남도,더불어민주당,이상익,남,11598,52.97
260,20200415,4,100135442,상주시,경상북도,미래통합당,강영석,남,43347,72.77
261,20220309,1,100138362,대한민국,전국,국민의힘,윤석열,남,16394815,48.56
262,20220309,2,100138397,중구남구,대구광역시,무소속,임병헌,남,32037,22.39
263,20220309,2,100138405,청주시상당구,충청북도,국민의힘,정우택,남,67033,56.92
264,20220309,2,100138406,안성시,경기도,국민의힘,김학용,남,61445,54.18
265,20220309,2,100138465,서초구갑,서울특별시,국민의힘,조은희,여,84364,72.72
266,20220309,2,100138535,종로구,서울특별시,국민의힘,최재형,남,49637,52.09
267,20220601,11,100147829,서울특별시,서울특별시,무소속,조희연,남,1614564,38.1
268,20220601,11,100138538,부산광역시,부산광역시,무소속,하윤수,남,706152,50.82
269,20220601,11,100149542,대구광역시,대구광역시,무소속,강은희,여,530235,61.61
270,20220601,11,100146513,인천광역시,인천광역시,무소속,도성훈,남,494366,41.46
271,20220601,11,100138452,광주광역시,광주광역시,무소속,이정선,남,154068,34.91
272,20220601,11,100148027,대전광역시,대전광역시,무소속,설동호,남,247077,41.5
273,20220601,11,100149241,울산광역시,울산광역시,무소속,노옥희,여,266647,55.03
274,20220601,11,100144245,경기도,경기도,무소속,임태희,남,3081100,54.79
275,20220601,11,100138457,강원도,강원도,무소속,신경호,남,210523,29.51
276,20220601,11,100138470,충청북도,충청북도,무소속,윤건영,남,375295,55.95
277,20220601,11,100147495,충청남도,충청남도,무소속,김지철,남,287639,33.79
278,20220601,11,100138464,전라북도,전라북도,무소속,서거석,남,310247,43.52
279,20220601,11,100138468,전라남도,전라남도,무소속,김대중,남,393462,45.08
280,20220601,11,100147382,경상북도,경상북도,무소속,임종식,남,561389,49.77
281,20220601,11,100146329,경상남도,경상남도,무소속,박종훈,남,727720,50.23
282,20220601,11,100138445,제주특별자치도,제주특별자치도,무소속,김광수,남,168019,57.47
283,20220601,11,100147333,세종특별자치시,세종특별자치시,무소속,최교진,남,44905,30.83
284,20220601,2,100150313,수성구을,대구광역시,국민의힘,이인선,여,49434,79.78
285,20220601,2,100150092,계양구을,인천광역시,더불어민주당,이재명,남,44289,55.24
286,20220601,2,100148608,성남시분당구갑,경기도,국민의힘,안철수,남,83747,62.5
287,20220601,2,100148229,원주시갑,강원도,국민의힘,박정하,남,45366,57.79
288,20220601,2,100148212,보령시서천군,충청남도,국민의힘,장동혁,남,39960,51.01
289,20220601,2,100148253,창원시의창구,경상남도,국민의힘,김영선,여,68450,62.74
290,20220601,2,100148366,제주시을,제주특별자치도,더불어민주당,김한규,남,52490,49.41
291,20220601,3,100149260,서울특별시,서울특별시,국민의힘,오세훈,남,2608277,59.05
292,20220601,3,100149514,부산광역시,부산광역시,국민의힘,박형준,남,938601,66.36
293,20220601,3,100147274,대구광역시,대구광역시,국민의힘,홍준표,남,685159,78.75
294,20220601,3,100139645,인천광역시,인천광역시,국민의힘,유정복,남,634250,51.76
295,20220601,3,100140244,광주광역시,광주광역시,더불어민주당,강기정,남,334699,74.91
296,20220601,3,100139063,대전광역시,대전광역시,국민의힘,이장우,남,310035,51.19
297,20220601,3,100139025,울산광역시,울산광역시,국민의힘,김두겸,남,290563,59.78
298,20220601,3,100145752,경기도,경기도,더불어민주당,김동연,남,2827593,49.06
299,20220601,3,100141401,강원도,강원도,국민의힘,김진태,남,409461,54.07
300,20220601,3,100143970,충청북도,충청북도,국민의힘,김영환,남,395517,58.19
301,20220601,3,100147152,충청남도,충청남도,국민의힘,김태흠,남,468658,53.87
302,20220601,3,100141512,전라북도,전라북도,더불어민주당,김관영,남,591510,82.11
303,20220601,3,100147373,전라남도,전라남도,더불어민주당,김영록,남,672433,75.74
304,20220601,3,100150424,경상북도,경상북도,국민의힘,이철우,남,904675,77.95
305,20220601,3,100147641,경상남도,경상남도,국민의힘,박완수,남,963473,65.7
306,20220601,3,100147644,제주특별자치도,제주특별자치도,더불어민주당,오영훈,남,163116,55.14
307,20220601,3,100141365,세종특별자치시,세종특별자치시,국민의힘,최민호,남,78415,52.83
308,20220601,4,100147847,종로구,서울특별시,국민의힘,정문헌,남,35925,51.49
309,20220601,4,100143217,중구,서울특별시,국민의힘,김길성,남,30065,50.4
310,20220601,4,100138685,용산구,서울특별시,국민의힘,박희영,여,62788,60.67
311,20220601,4,100148289,성동구,서울특별시,더불어민주당,정원오,남,79786,57.6
312,20220601,4,100144476,광진구,서울특별시,국민의힘,김경호,남,79404,51.2
313,20220601,4,100139506,동대문구,서울특별시,국민의힘,이필형,남,81800,53.05
314,20220601,4,100146866,중랑구,서울특별시,더불어민주당,류경기,남,93147,53.02
315,20220601,4,100145933,성북구,서울특별시,더불어민주당,이승로,남,100227,50.26
316,20220601,4,100143083,강북구,서울특별시,더불어민주당,이순희,여,65172,49.74
317,20220601,4,100139017,도봉구,서울특별시,국민의힘,오언석,남,74020,50.45
318,20220601,4,100147790,노원구,서울특별시,더불어민주당,오승록,남,129060,53.26
319,20220601,4,100146241,은평구,서울특별시,더불어민주당,김미경,여,110333,51.76
320,20220601,4,100146841,서대문구,서울특별시,국민의힘,이성헌,남,77365,53.31
321,20220601,4,100139591,마포구,서울특별시,국민의힘,박강수,남,84323,48.73
322,20220601,4,100143716,양천구,서울특별시,국민의힘,이기재,남,112913,54.34
323,20220601,4,100141936,강서구,서울특별시,국민의힘,김태우,남,132121,51.3
324,20220601,4,100142968,구로구,서울특별시,국민의힘,문헌일,남,96684,52.25
325,20220601,4,100146683,금천구,서울특별시,더불어민주당,유성훈,남,55247,52.99
326,20220601,4,100138622,영등포구,서울특별시,국민의힘,최호권,남,93172,51.99
327,20220601,4,100139217,동작구,서울특별시,국민의힘,박일하,남,99186,53.53
328,20220601,4,100145137,관악구,서울특별시,더불어민주당,박준희,남,118349,52.93
329,20220601,4,100140675,서초구,서울특별시,국민의힘,전성수,남,134808,70.87
330,20220601,4,100145003,강남구,서울특별시,국민의힘,조성명,남,168456,70.39
331,20220601,4,100139434,송파구,서울특별시,국민의힘,서강석,남,180953,58.28
332,20220601,4,100144912,강동구,서울특별시,국민의힘,이수희,여,114743,54.19
333,20220601,4,100146551,중구,부산광역시,국민의힘,최진봉,남,12160,64.88
334,20220601,4,100145549,서구,부산광역시,국민의힘,공한수,남,30076,65.43
335,20220601,4,100141827,동구,부산광역시,국민의힘,김진홍,남,23969,60.08
336,20220601,4,100138625,영도구,부산광역시,국민의힘,김기재,남,26414,53.69
337,20220601,4,100140104,부산진구,부산광역시,국민의힘,김영욱,남,91122,62.21
338,20220601,4,100139791,동래구,부산광역시,국민의힘,장준용,남,69165,60.18
339,20220601,4,100139172,남구,부산광역시,국민의힘,오은택,남,67449,57.92
340,20220601,4,100139260,북구,부산광역시,국민의힘,오태원,남,70535,57.03
341,20220601,4,100139357,해운대구,부산광역시,국민의힘,김성수,남,99545,61.33
342,20220601,4,100140377,기장군,부산광역시,국민의힘,정종복,남,35415,55.87
343,20220601,4,100142634,사하구,부산광역시,국민의힘,이갑준,남,74648,60.18
344,20220601,4,100141531,금정구,부산광역시,국민의힘,김재윤,남,62631,62.03
345,20220601,4,100139797,강서구,부산광역시,국민의힘,김형찬,남,30152,59.51
346,20220601,4,100139978,연제구,부산광역시,국민의힘,주석수,남,54881,60.51
347,20220601,4,100146328,수영구,부산광역시,국민의힘,강성태,남,51528,69.95
348,20220601,4,100146335,사상구,부산광역시,국민의힘,조병길,남,54185,62.96
349,20220601,4,100146394,중구,대구광역시,국민의힘,류규하,남,0,0
350,20220601,4,100143686,동구,대구광역시,국민의힘,윤석준,남,99357,77.54
351,20220601,4,100146307,서구,대구광역시,국민의힘,류한국,남,43750,67.86
352,20220601,4,100147437,남구,대구광역시,국민의힘,조재구,남,43648,81.56
353,20220601,4,100147422,북구,대구광역시,국민의힘,배광식,남,121281,77.66
354,20220601,4,100147610,수성구,대구광역시,국민의힘,김대권,남,116508,75.26
355,20220601,4,100149310,달서구,대구광역시,국민의힘,이태훈,남,0,0
356,20220601,4,100140501,달성군,대구광역시,국민의힘,최재훈,남,62115,69.34
357,20220601,4,100139589,중구,인천광역시,국민의힘,김정헌,남,31873,56.54
358,20220601,4,100142591,동구,인천광역시,국민의힘,김찬진,남,13705,48.5
359,20220601,4,100139468,미추홀구,인천광역시,국민의힘,이영훈,남,85740,54.73
360,20220601,4,100139252,연수구,인천광역시,국민의힘,이재호,남,88850,54.82
361,20220601,4,100142533,남동구,인천광역시,국민의힘,박종효,남,106528,51.04
362,20220601,4,100146763,부평구,인천광역시,더불어민주당,차준택,남,101876,51.28
363,20220601,4,100143676,계양구,인천광역시,더불어민주당,윤환,남,73079,51.48
364,20220601,4,100146305,서구,인천광역시,국민의힘,강범석,남,109775,51.17
365,20220601,4,100147652,강화군,인천광역시,무소속,유천호,남,17991,47.33
366,20220601,4,100140333,옹진군,인천광역시,국민의힘,문경복,남,6797,55.46
367,20220601,4,100144875,동구,광주광역시,더불어민주당,임택,남,30297,80.39
368,20220601,4,100139960,서구,광주광역시,더불어민주당,김이강,남,62304,65.01
369,20220601,4,100144650,남구,광주광역시,더불어민주당,김병내,남,59023,84.06
370,20220601,4,100148898,북구,광주광역시,더불어민주당,문인,남,113490,84.27
371,20220601,4,100139896,광산구,광주광역시,더불어민주당,박병규,남,0,0
372,20220601,4,100139144,동구,대전광역시,국민의힘,박희조,남,47615,51.59
373,20220601,4,100139783,중구,대전광역시,국민의힘,김광신,남,55972,56.74
374,20220601,4,100139075,서구,대전광역시,국민의힘,서철모,남,101023,53.25
375,20220601,4,100147685,유성구,대전광역시,더불어민주당,정용래,남,75498,51.16
376,20220601,4,100139332,대덕구,대전광역시,국민의힘,최충규,남,39870,53.36
377,20220601,4,100139427,중구,울산광역시,국민의힘,김영길,남,56843,59.41
378,20220601,4,100147813,남구,울산광역시,국민의힘,서동욱,남,87838,66.16
379,20220601,4,100138645,동구,울산광역시,진보당,김종훈,남,36699,54.83
380,20220601,4,100139675,북구,울산광역시,국민의힘,박천동,남,44062,50.6
381,20220601,4,100140348,울주군,울산광역시,국민의힘,이순걸,남,57216,58.8
382,20220601,4,100139786,수원시,경기도,더불어민주당,이재준,남,258456,50.28
383,20220601,4,100141897,성남시,경기도,국민의힘,신상진,남,250022,55.96
384,20220601,4,100139559,의정부시,경기도,국민의힘,김동근,남,97594,52.53
385,20220601,4,100146331,안양시,경기도,더불어민주당,최대호,남,133712,50.64
386,20220601,4,100139832,부천시,경기도,더불어민주당,조용익,남,180005,52.49
387,20220601,4,100145985,광명시,경기도,더불어민주당,박승원,남,73759,53.44
388,20220601,4,100147324,평택시,경기도,더불어민주당,정장선,남,107159,52.08
389,20220601,4,100138584,양주시,경기도,국민의힘,강수현,남,48002,51.14
390,20220601,4,100148617,동두천시,경기도,국민의힘,박형덕,남,21063,53.95
391,20220601,4,100139819,안산시,경기도,국민의힘,이민근,남,119776,46.52
392,20220601,4,100142804,고양시,경기도,국민의힘,이동환,남,249486,52.14
393,20220601,4,100140901,과천시,경기도,국민의힘,신계용,여,23746,56.36
394,20220601,4,100139671,의왕시,경기도,국민의힘,김성제,남,44375,55.69
395,20220601,4,100139084,구리시,경기도,국민의힘,백경현,남,47168,54.09
396,20220601,4,100143800,남양주시,경기도,국민의힘,주광덕,남,158315,53.44
397,20220601,4,100141076,오산시,경기도,국민의힘,이권재,남,40723,49.59
398,20220601,4,100140081,화성시,경기도,더불어민주당,정명근,남,176631,53.03
399,20220601,4,100147788,시흥시,경기도,더불어민주당,임병택,남,106468,55.54
400,20220601,4,100140247,군포시,경기도,국민의힘,하은호,남,63955,50.44
401,20220601,4,100139704,하남시,경기도,국민의힘,이현재,남,77493,56.02
402,20220601,4,100142284,파주시,경기도,더불어민주당,김경일,남,92512,50.14
403,20220601,4,100138558,여주시,경기도,국민의힘,이충우,남,33224,66.67
404,20220601,4,100138708,이천시,경기도,국민의힘,김경희,여,47729,54.58
405,20220601,4,100142280,용인시,경기도,국민의힘,이상일,남,264487,55.37
406,20220601,4,100146939,안성시,경기도,더불어민주당,김보라,여,40497,50.35
407,20220601,4,100142059,김포시,경기도,국민의힘,김병수,남,101566,52.42
408,20220601,4,100142404,광주시,경기도,국민의힘,방세환,남,81061,53.88
409,20220601,4,100139265,포천시,경기도,국민의힘,백영현,남,34858,52.33
410,20220601,4,100140504,연천군,경기도,국민의힘,김덕현,남,10580,47.46
411,20220601,4,100141210,양평군,경기도,국민의힘,전진선,남,34125,54.66
412,20220601,4,100141794,가평군,경기도,국민의힘,서태원,남,16975,52.34
413,20220601,4,100139735,춘천시,강원도,더불어민주당,육동한,남,61751,45.62
414,20220601,4,100139636,원주시,강원도,국민의힘,원강수,남,82526,53.55
415,20220601,4,100139188,강릉시,강원도,국민의힘,김홍규,남,43887,43.92
416,20220601,4,100148666,동해시,강원도,국민의힘,심규언,남,23502,57.09
417,20220601,4,100144662,삼척시,강원도,국민의힘,박상수,남,18031,49.12
418,20220601,4,100145023,태백시,강원도,국민의힘,이상호,남,11847,54.04
419,20220601,4,100147715,정선군,강원도,더불어민주당,최승준,남,10901,51.01
420,20220601,4,100139259,속초시,강원도,국민의힘,이병선,남,20758,56.94
421,20220601,4,100147497,고성군,강원도,더불어민주당,함명준,남,9149,56.05
422,20220601,4,100149123,양양군,강원도,국민의힘,김진하,남,9390,57.5
423,20220601,4,100146123,인제군,강원도,더불어민주당,최상기,남,9280,51.4
424,20220601,4,100141801,홍천군,강원도,국민의힘,신영재,남,21212,58.83
425,20220601,4,100140490,횡성군,강원도,국민의힘,김명기,남,13659,50.35
426,20220601,4,100146968,영월군,강원도,국민의힘,최명서,남,11950,53.57
427,20220601,4,100143125,평창군,강원도,국민의힘,심재국,남,14660,59.09
428,20220601,4,100144176,화천군,강원도,국민의힘,최문순,남,7722,57.13
429,20220601,4,100140928,양구군,강원도,국민의힘,서흥원,남,5201,41.51
430,20220601,4,100145495,철원군,강원도,국민의힘,이현종,남,8032,36.74
431,20220601,4,100139366,청주시,충청북도,국민의힘,이범석,남,189363,58.39
432,20220601,4,100148673,충주시,충청북도,국민의힘,조길형,남,50830,58.02
433,20220601,4,100139038,제천시,충청북도,국민의힘,김창규,남,31295,50.83
434,20220601,4,100140446,단양군,충청북도,국민의힘,김문근,남,9276,54.67
435,20220601,4,100140683,영동군,충청북도,국민의힘,정영철,남,13165,49.82
436,20220601,4,100140182,보은군,충청북도,국민의힘,최재형,남,11023,58.53
437,20220601,4,100142075,옥천군,충청북도,더불어민주당,황규철,남,15747,56.17
438,20220601,4,100146990,음성군,충청북도,더불어민주당,조병옥,남,21590,54.84
439,20220601,4,100145569,진천군,충청북도,더불어민주당,송기섭,남,19334,57.46
440,20220601,4,100139880,괴산군,충청북도,국민의힘,송인헌,남,12564,54.79
441,20220601,4,100140100,증평군,충청북도,더불어민주당,이재영,남,7220,43.18
442,20220601,4,100138702,공주시,충청남도,국민의힘,최원철,남,27463,55.15
443,20220601,4,100146773,보령시,충청남도,국민의힘,김동일,남,28004,54.8
444,20220601,4,100139539,아산시,충청남도,국민의힘,박경귀,남,59314,50.56
445,20220601,4,100138894,서산시,충청남도,국민의힘,이완섭,남,40106,56.5
446,20220601,4,100146503,태안군,충청남도,더불어민주당,가세로,남,17486,51.64
447,20220601,4,100140436,금산군,충청남도,국민의힘,박범인,남,15856,56.47
448,20220601,4,100139616,논산시,충청남도,국민의힘,백성현,남,33841,64.34
449,20220601,4,100139166,계룡시,충청남도,국민의힘,이응우,남,10408,54.74
450,20220601,4,100146027,부여군,충청남도,더불어민주당,박정현,남,21926,62.02
451,20220601,4,100140566,서천군,충청남도,국민의힘,김기웅,남,14559,51.8
452,20220601,4,100140402,홍성군,충청남도,국민의힘,이용록,남,23070,51.48
453,20220601,4,100146334,청양군,충청남도,더불어민주당,김돈곤,남,9522,49.88
454,20220601,4,100143955,예산군,충청남도,국민의힘,최재구,남,22147,58.96
455,20220601,4,100139096,당진시,충청남도,국민의힘,오성환,남,37070,58.01
456,20220601,4,100148331,천안시,충청남도,국민의힘,박상돈,남,124169,54.55
457,20220601,4,100139939,전주시,전라북도,더불어민주당,우범기,남,160339,74.12
458,20220601,4,100139962,군산시,전라북도,더불어민주당,강임준,남,56843,68.24
459,20220601,4,100143154,익산시,전라북도,더불어민주당,정헌율,남,72544,69.97
460,20220601,4,100140124,정읍시,전라북도,더불어민주당,이학수,남,25964,49.75
461,20220601,4,100140206,남원시,전라북도,더불어민주당,최경식,남,16127,37.17
462,20220601,4,100141240,김제시,전라북도,더불어민주당,정성주,남,22531,54.67
463,20220601,4,100140405,완주군,전라북도,더불어민주당,유희태,남,16329,40.89
464,20220601,4,100143573,진안군,전라북도,더불어민주당,전춘성,남,9818,61.7
465,20220601,4,100147163,무주군,전라북도,무소속,황인홍,남,9114,58.15
466,20220601,4,100140455,장수군,전라북도,더불어민주당,최훈식,남,7479,53.62
467,20220601,4,100147793,임실군,전라북도,무소속,심민,남,7540,44.17
468,20220601,4,100149186,순창군,전라북도,무소속,최영일,남,9380,52.36
469,20220601,4,100140374,고창군,전라북도,더불어민주당,심덕섭,남,16584,49.72
470,20220601,4,100149056,부안군,전라북도,더불어민주당,권익현,남,15351,57.7
471,20220601,4,100140223,목포시,전라남도,무소속,박홍률,남,54161,57.38
472,20220601,4,100140633,여수시,전라남도,더불어민주당,정기명,남,76504,72.21
473,20220601,4,100143923,순천시,전라남도,무소속,노관규,남,69855,55.77
474,20220601,4,100141340,나주시,전라남도,더불어민주당,윤병태,남,30391,58.81
475,20220601,4,100138958,광양시,전라남도,무소속,정인화,남,37005,54.59
476,20220601,4,100141378,담양군,전라남도,더불어민주당,이병노,남,14653,56.73
477,20220601,4,100147687,장성군,전라남도,더불어민주당,김한종,남,13967,54.03
478,20220601,4,100141415,곡성군,전라남도,더불어민주당,이상철,남,9580,53.59
479,20220601,4,100145117,구례군,전라남도,더불어민주당,김순호,남,9184,54.72
480,20220601,4,100139930,고흥군,전라남도,더불어민주당,공영민,남,22529,52.97
481,20220601,4,100143972,보성군,전라남도,더불어민주당,김철우,남,0,0
482,20220601,4,100141986,화순군,전라남도,더불어민주당,구복규,남,23564,75.46
483,20220601,4,100141352,장흥군,전라남도,더불어민주당,김성,남,10162,45.15
484,20220601,4,100141470,강진군,전라남도,무소속,강진원,남,11659,54.87
485,20220601,4,100145253,완도군,전라남도,더불어민주당,신우철,남,17734,62.36
486,20220601,4,100149937,해남군,전라남도,더불어민주당,명현관,남,0,0
487,20220601,4,100140656,진도군,전라남도,무소속,김희수,남,11459,58.17
488,20220601,4,100141862,영암군,전라남도,더불어민주당,우승희,남,13689,48.96
489,20220601,4,100144652,무안군,전라남도,무소속,김산,남,18937,47.02
490,20220601,4,100140464,영광군,전라남도,무소속,강종만,남,15715,51.12
491,20220601,4,100144980,함평군,전라남도,더불어민주당,이상익,남,13965,80.15
492,20220601,4,100150520,신안군,전라남도,더불어민주당,박우량,남,17349,69.18
493,20220601,4,100145271,포항시,경상북도,국민의힘,이강덕,남,147663,77.2
494,20220601,4,100140953,울릉군,경상북도,무소속,남한권,남,4629,69.71
495,20220601,4,100146243,경주시,경상북도,국민의힘,주낙영,남,83911,78.86
496,20220601,4,100145138,김천시,경상북도,국민의힘,김충섭,남,48387,75.06
497,20220601,4,100138657,안동시,경상북도,국민의힘,권기창,남,46315,64.03
498,20220601,4,100139180,구미시,경상북도,국민의힘,김장호,남,99751,70.29
499,20220601,4,100139501,영주시,경상북도,국민의힘,박남서,남,28410,52.21
500,20220601,4,100146771,영천시,경상북도,무소속,최기문,남,26881,53.43
501,20220601,4,100145556,상주시,경상북도,국민의힘,강영석,남,35136,68.05
502,20220601,4,100138896,문경시,경상북도,국민의힘,신현국,남,21394,54.69
503,20220601,4,100146448,예천군,경상북도,국민의힘,김학동,남,0,0
504,20220601,4,100141435,경산시,경상북도,국민의힘,조현일,남,52273,53.87
505,20220601,4,100141017,청도군,경상북도,국민의힘,김하수,남,14878,56.12
506,20220601,4,100140145,고령군,경상북도,국민의힘,이남철,남,7113,42.1
507,20220601,4,100146640,성주군,경상북도,국민의힘,이병환,남,13112,51.1
508,20220601,4,100139881,칠곡군,경상북도,국민의힘,김재욱,남,25869,62.98
509,20220601,4,100143405,군위군,경상북도,국민의힘,김진열,남,8728,50.31
510,20220601,4,100146934,의성군,경상북도,무소속,김주수,남,23859,71.27
511,20220601,4,100146012,청송군,경상북도,국민의힘,윤경희,남,10401,63.49
512,20220601,4,100142861,영양군,경상북도,국민의힘,오도창,남,9001,81.5
513,20220601,4,100140671,영덕군,경상북도,국민의힘,김광열,남,16475,80.58
514,20220601,4,100141528,봉화군,경상북도,국민의힘,박현국,남,13375,73.4
515,20220601,4,100141882,울진군,경상북도,국민의힘,손병복,남,16326,59.94
516,20220601,4,100147040,진주시,경상남도,국민의힘,조규일,남,110194,72.33
517,20220601,4,100138633,통영시,경상남도,국민의힘,천영기,남,23365,38.93
518,20220601,4,100140046,고성군,경상남도,국민의힘,이상근,남,16906,57.23
519,20220601,4,100139026,사천시,경상남도,국민의힘,박동식,남,34307,63
520,20220601,4,100141307,김해시,경상남도,국민의힘,홍태용,남,114735,57.29
521,20220601,4,100148365,밀양시,경상남도,국민의힘,박일호,남,38595,78.86
522,20220601,4,100139074,거제시,경상남도,국민의힘,박종우,남,44790,45.89
523,20220601,4,100147906,의령군,경상남도,무소속,오태완,남,8242,47.36
524,20220601,4,100145835,함안군,경상남도,국민의힘,조근제,남,20994,67.42
525,20220601,4,100140391,창녕군,경상남도,국민의힘,김부영,남,16568,49.59
526,20220601,4,100140924,양산시,경상남도,국민의힘,나동연,남,81804,59.82
527,20220601,4,100140406,하동군,경상남도,무소속,하승철,남,13027,46.32
528,20220601,4,100147810,남해군,경상남도,더불어민주당,장충남,남,14804,56.14
529,20220601,4,100140568,함양군,경상남도,무소속,진병영,남,14896,59.09
530,20220601,4,100140875,산청군,경상남도,국민의힘,이승화,남,10895,51.61
531,20220601,4,100144651,거창군,경상남도,국민의힘,구인모,남,20203,60.44
532,20220601,4,100142478,합천군,경상남도,국민의힘,김윤철,남,16549,63.26
533,20220601,4,100139402,창원시,경상남도,국민의힘,홍남표,남,264661,59.54
